,BALANCE,BALANCE_FREQUENCY,PURCHASES,ONEOFF_PURCHASES,INSTALLMENTS_PURCHASES,CASH_ADVANCE,PURCHASES_FREQUENCY,ONEOFF_PURCHASES_FREQUENCY,PURCHASES_INSTALLMENTS_FREQUENCY,CASH_ADVANCE_FREQUENCY,CASH_ADVANCE_TRX,PURCHASES_TRX,CREDIT_LIMIT,PAYMENTS,MINIMUM_PAYMENTS,PRC_FULL_PAYMENT,TENURE
0,564.4859406936466,0.8955040633159269,392.58088718450824,176.10603622715405,205.63378018929504,168.56712436572565,0.4594203609660575,0.10393112989556136,0.3472504606179287,0.042305529808529155,0.6544821583986075,7.4062228024369015,3050.5917211617416,693.4919885338065,357.0019120627463,0.09888365633159268,12.0
1,2742.87985897473,0.9612016323974082,228.97945680345572,139.45695032397407,77.4710475161987,1917.090068140713,0.1838914362850972,0.07822258704103671,0.10865008034557236,0.34031508855291576,6.703671706263499,3.4894168466522677,5376.337456640173,1728.1417336306697,984.5348600849205,0.027274308855291578,12.0
2,1716.9745234193233,0.9792962381069151,2090.7784698381565,1000.1369102501226,745.8069065718489,395.19316429383275,0.9080101785188818,0.4879686944580676,0.6935881088769004,0.07159492153016184,1.3742030407062285,30.365865620402158,6417.86749297793,2387.673361226888,683.5407914176568,0.12900266527709664,12.0
